REGION	POS	REF	ALT	REF_DP	REF_RV	REF_QUAL	ALT_DP	ALT_RV	ALT_QUAL	ALT_FREQ	TOTAL_DP	PVAL	PASS	GFF_FEATURE	REF_CODON	REF_AA	ALT_CODON	ALT_AA	
cons_2015k4	30	T	C	1900	0	37	64	0	37	0.0325866	1964	8.74E-19	TRUE		GTT	V	GTC	V	S
cons_2015k4	656	G	A	7	7	39	299	299	37	0.977124	306	1.95E-169	TRUE		GGA	G	GAA	E	S
cons_2015k4	1161	C	A	584	465	37	94	94	36	0.138235	680	9.78E-34	TRUE		GGC	G	GGA	G	S
cons_2015k4	1284	G	A	322	0	38	196	0	38	0.378378	518	1.65E-70	TRUE		GAG	E	GAA	E	S
cons_2015k4	3060	A	T	116	116	36	2864	2864	37	0.961074	2980	0	TRUE		ACA	T	ACT	T	S
cons_2015k4	3468	C	T	1129	803	38	152	152	34	0.118565	1282	2.88E-53	TRUE		GTC	V	GTT	V	S
cons_2015k4	4596	G	A	1746	1446	39	267	267	38	0.132638	2013	3.60E-84	TRUE		GAG	E	GAA	E	S
cons_2015k4	5856	G	A	3676	0	38	239	0	35	0.0610317	3916	9.13E-69	TRUE		GGG	G	GGA	G	S
cons_2015k4	6057	G	A	58	58	34	3	3	35	0.0491803	61	0.113265	FALSE		TCG	S	TCA	S	S
cons_2015k4	6963	G	C	125	0	35	34	0	35	0.213836	159	1.72E-12	TRUE		GAG	E	CAG	Q	S
cons_2015k4	6963	G	C	125	0	35	34	0	35	0.213836	159	1.72E-12	TRUE		GAG	E	CAG	Q	S
