REGION	POS	REF	ALT	REF_DP	REF_RV	REF_QUAL	ALT_DP	ALT_RV	ALT_QUAL	ALT_FREQ	TOTAL_DP	PVAL	PASS	GFF_FEATURE	REF_CODON	REF_AA	ALT_CODON	ALT_AA
cons_2015k4	1161	C	A	770	609	37	123	123	36	0.137738	893	1.09538e-41	TRUE		GGC	G	GGA	G
cons_2015k4	1353	C	T	423	0	38	19	0	38	0.0429864	442	1.46681e-06	TRUE		TCC	S	TCT	S
cons_2015k4	1581	C	T	1865	1865	38	970	970	38	0.342152	2835	0	TRUE		GAC	D	GAT	D
cons_2015k4	3468	C	T	1181	788	38	201	199	34	0.145441	1382	1.48637e-70	TRUE		GTC	V	GTT	V
cons_2015k4	4275	C	T	323	323	38	39	39	38	0.107735	362	5.22622e-13	TRUE		ATC	I	ATT	I
cons_2015k4	4329	T	C	637	637	38	21	21	22	0.0319149	658	0.00204052	TRUE		GTT	V	GTC	V
cons_2015k4	4596	G	A	2641	2262	39	486	482	38	0.155421	3127	5.26559e-155	TRUE		GAG	E	GAA	E
cons_2015k4	5856	G	A	4462	0	38	300	0	35	0.0629987	4762	1.29265e-87	TRUE		GGG	G	GGA	G
cons_2015k4	6057	G	A	62	62	34	7	7	35	0.101449	69	0.00600746	TRUE		TCG	S	TCA	S
