REGION	POS	REF	ALT	REF_DP	REF_RV	REF_QUAL	ALT_DP	ALT_RV	ALT_QUAL	ALT_FREQ	TOTAL_DP	PVAL	PASS	GFF_FEATURE	REF_CODON	REF_AA	ALT_CODON	ALT_AA
cons_2015k4	1161	C	A	618	481	37	107	107	36	0.147586	725	5.50169e-38	TRUE		GGC	G	GGA	G
cons_2015k4	2409	C	T	7704	2613	44	495	158	42	0.0603732	8199	7.91829e-172	TRUE		GAC	D	GAT	D
cons_2015k4	3468	C	T	1087	782	38	158	155	34	0.126908	1245	3.25399e-54	TRUE		GTC	V	GTT	V
cons_2015k4	4596	G	A	2092	1775	39	366	364	38	0.148902	2458	2.42294e-117	TRUE		GAG	E	GAA	E
cons_2015k4	5856	G	A	3669	0	38	256	0	34	0.0651897	3927	5.40496e-74	TRUE		GGG	G	GGA	G
cons_2015k4	6042	C	A	32	32	33	1	1	24	0.030303	33	0.471429	FALSE		ACC	T	ACA	T
cons_2015k4	6057	G	A	52	52	34	9	9	32	0.147541	61	0.00142185	TRUE		TCG	S	TCA	S
