REGION	POS	REF	ALT	REF_DP	REF_RV	REF_QUAL	ALT_DP	ALT_RV	ALT_QUAL	ALT_FREQ	TOTAL_DP	PVAL	PASS	GFF_FEATURE	REF_CODON	REF_AA	ALT_CODON	ALT_AA
cons_2015k4	108	C	A	1973	174	39	162	10	38	0.0758782	2135	1.21451e-48	TRUE		AAC	N	AAA	K
cons_2015k4	656	G	A	242	242	38	116	116	37	0.324022	358	1.6844e-40	TRUE		GGA	G	GAA	E
cons_2015k4	1161	C	A	971	767	37	263	263	36	0.213128	1234	3.6352e-97	TRUE		GGC	G	GGA	G
cons_2015k4	3060	A	T	4123	4123	37	1731	1731	37	0.295594	5856	0	TRUE		ACA	T	ACT	T
cons_2015k4	3468	C	T	1384	968	38	318	316	34	0.186839	1702	7.82417e-114	TRUE		GTC	V	GTT	V
cons_2015k4	3750	A	T	7909	6866	39	488	425	38	0.0581091	8398	2.58479e-143	TRUE		GCA	A	GCT	A
cons_2015k4	4596	G	A	2277	1889	39	605	599	38	0.209851	2883	6.40316e-199	TRUE		GAG	E	GAA	E
cons_2015k4	5856	G	A	4985	0	38	343	0	35	0.0643769	5328	2.70359e-99	TRUE		GGG	G	GGA	G
cons_2015k4	6050	C	A	46	46	34	2	2	30	0.0416667	48	0.195223	FALSE		GCA	A	GAA	E
cons_2015k4	6057	G	A	68	68	34	4	4	30	0.0555556	72	0.0598869	FALSE		TCG	S	TCA	S
