REGION	POS	REF	ALT	REF_DP	REF_RV	REF_QUAL	ALT_DP	ALT_RV	ALT_QUAL	ALT_FREQ	TOTAL_DP	PVAL	PASS	GFF_FEATURE	REF_CODON	REF_AA	ALT_CODON	ALT_AA
cons_2015k4	656	G	A	0	0	0	204	204	37	1	204	1.92065e-122	TRUE		GGA	G	GAA	E
cons_2015k4	1161	C	A	719	564	37	193	192	36	0.211623	912	4.82103e-69	TRUE		GGC	G	GGA	G
cons_2015k4	1308	G	+T	673	0	38	21	0	20	0.030837	681	0.00320797	TRUE	NA	NA	NA	NA	NA
cons_2015k4	3132	C	T	73	55	38	6758	5321	40	0.989313	6831	0	TRUE		ACC	T	ACT	T
cons_2015k4	3468	C	T	983	692	37	199	198	34	0.168359	1182	3.47964e-70	TRUE		GTC	V	GTT	V
cons_2015k4	4329	T	C	639	639	38	50	50	22	0.0725689	689	3.26841e-10	TRUE		GTT	V	GTC	V
cons_2015k4	4596	G	A	2429	2108	39	465	464	38	0.160622	2895	2.50746e-148	TRUE		GAG	E	GAA	E
cons_2015k4	5856	G	A	3457	0	38	236	0	35	0.0638874	3694	1.46019e-69	TRUE		GGG	G	GGA	G
cons_2015k4	6057	G	A	43	43	35	4	4	33	0.0851064	47	0.0536927	FALSE		TCG	S	TCA	S
cons_2015k4	6063	A	C	53	53	31	2	2	29	0.0363636	55	0.211508	FALSE		TCA	S	TCC	S
