REGION	POS	REF	ALT	REF_DP	REF_RV	REF_QUAL	ALT_DP	ALT_RV	ALT_QUAL	ALT_FREQ	TOTAL_DP	PVAL	PASS	GFF_FEATURE	REF_CODON	REF_AA	ALT_CODON	ALT_AA	S_or_NS
1_peru/consensus1_SP031X/GI.1/	2886	T	C	13889	13889	38	872	872	38	0.0590626	14764	1.45613E-245	TRUE	ORF1	ACT	T	ACC	T	S
1_peru/consensus1_SP031X/GI.1/	5788	A	-NNNN	155	0	29	2609	0	20	16.8323	155	0	TRUE						
1_peru/consensus1_SP031X/GI.1/	5789	N	T	0	0	0	4	0	26	1	4	1.39904E-08	TRUE						
1_peru/consensus1_SP031X/GI.1/	5789	N	-NNNT	0	0	0	3	0	20	0.75	4	1.22183E-06	TRUE						
1_peru/consensus1_SP031X/GI.1/	5791	N	G	0	0	0	9	9	22	1	9	4.31482E-18	TRUE						
1_peru/consensus1_SP031X/GI.1/	5792	N	A	0	0	0	16	16	22	1	16	6.35317E-31	TRUE						
1_peru/consensus1_SP031X/GI.1/	5835	G	A	1190	1190	36	1411	1411	20	0.542484	2601	0	TRUE	ORF1	GGG	G	GGA	G	S
1_peru/consensus1_SP031X/GI.1/	6030	A	T	869	0	37	377	0	38	0.302326	1247	1.10503E-128	TRUE	ORF1	GCA	A	GCT	A	S
1_peru/consensus1_SP031X/GI.1/	6333	C	T	10838	10838	38	478	478	38	0.0422336	11318	2.41968E-129	TRUE	ORF1	CGC	R	CGT	R	S
1_peru/consensus1_SP031X/GI.1/	6911	C	T	1367	1367	33	99	99	28	0.0674847	1467	7.85913E-18	TRUE	ORF2	CCG	R	CTG	L	NS
1_peru/consensus1_SP031X/GI.1/	7283	C	T	1	0	38	3	0	37	0.75	4	0.114286	FALSE						
1_peru/consensus1_SP031X/GI.1/	7289	T	C	1	0	35	3	0	38	0.75	4	0.114286	FALSE						
1_peru/consensus1_SP031X/GI.1/	7297	-	C	0	0	0	4	0	38	1	4	0.0285714	FALSE						
1_peru/consensus1_SP031X/GI.1/	7305	T	A	1	0	39	3	0	39	0.75	4	0.114286	FALSE						
1_peru/consensus1_SP031X/GI.1/	7319	C	T	1	0	39	3	0	39	0.75	4	0.114286	FALSE						
