REGION	POS	REF	ALT	REF_DP	REF_RV	REF_QUAL	ALT_DP	ALT_RV	ALT_QUAL	ALT_FREQ	TOTAL_DP	PVAL	PASS	GFF_FEATURE	REF_CODON	REF_AA	ALT_CODON	ALT_AA
MG012440	2599	C	T	0	0	0	2	0	38	1	2	0.333333	FALSE		TAC	Y	TAT	Y
MG012440	4738	C	T	0	0	0	2	2	22	1	2	0.333333	FALSE		TTC	F	TTT	F
MG012440	4778	A	G	32	32	38	2	2	39	0.0588235	34	0.253731	FALSE		AAG	K	GAG	E
MG012440	5216	G	A	0	0	0	124	40	37	1	124	2.19278e-74	TRUE		GGC	G	AGC	S
MG012440	5731	A	G	0	0	0	1098	0	37	1	1098	0	TRUE		GGA	G	GGG	G
MG012440	6106	A	G	4812	442	38	968	84	37	0.167474	5780	2.13524e-302	TRUE		TTA	L	TTG	L
MG012440	6145	T	C	2	0	38	4398	1028	38	0.999545	4400	0	TRUE		GGT	G	GGC	G
MG012440	6227	A	G	4392	3060	37	276	274	37	0.059126	4668	2.30931e-79	TRUE		ATC	I	GTC	V
MG012440	6430	C	T	0	0	0	7260	4488	38	0.999725	7262	0	TRUE		AAC	N	AAT	N
MG012440	6721	C	T	0	0	0	19884	11078	37	1	19884	0	TRUE		GGC	G	GGT	G
MG012440	6830	C	T	8	6	37	41514	19788	38	0.999663	41528	0	TRUE		CTG	L	TTG	L
MG012440	6850	T	C	6	0	36	46322	25402	38	0.999698	46336	0	TRUE		TTC	F	CTC	L
MG012440	6850	T	C	6	0	36	46322	25402	38	0.999698	46336	0	TRUE		TTC	F	CTC	L
MG012440	6954	T	C	4	0	38	25402	494	38	0.999685	25410	0	TRUE		TAT	Y	TAC	Y
MG012440	6954	T	C	4	0	38	25402	494	38	0.999685	25410	0	TRUE		TAT	Y	TAC	Y
MG012440	6999	G	A	21616	2054	38	714	70	38	0.0319721	22332	3.97078e-184	TRUE		ATG	M	ATA	I
MG012440	6999	G	A	21616	2054	38	714	70	38	0.0319721	22332	3.97078e-184	TRUE		ATG	M	ATA	I
MG012440	7194	A	T	3328	3328	37	112	112	37	0.0325581	3440	2.28578e-30	TRUE		GCA	A	GCT	A
MG012440	7194	A	T	3328	3328	37	112	112	37	0.0325581	3440	2.28578e-30	TRUE		GCA	A	GCT	A
MG012440	7320	T	C	2	2	39	24738	15526	36	0.999596	24748	0	TRUE		ACT	T	ACC	T
MG012440	7320	T	C	2	2	39	24738	15526	36	0.999596	24748	0	TRUE		ACT	T	ACC	T
