REGION	POS	REF	ALT	REF_DP	REF_RV	REF_QUAL	ALT_DP	ALT_RV	ALT_QUAL	ALT_FREQ	TOTAL_DP	PVAL	PASS	GFF_FEATURE	REF_CODON	REF_AA	ALT_CODON	ALT_AA
2016_k111_cons	2846	G	T	29	13	35	1	0	24	0.0333333	30	0.5	FALSE		GGT	G	GTT	V
2016_k111_cons	3303	C	A	42	10	34	2	1	31	0.0454545	44	0.247126	FALSE		CGC	R	CGA	R
2016_k111_cons	4235	T	C	165	59	55	7	3	59	0.0406977	172	0.00149596	TRUE		CTT	L	CCT	P
2016_k111_cons	4272	C	A	217	65	60	10	2	64	0.0440529	227	6.49505e-05	TRUE		GGC	G	GGA	G
2016_k111_cons	4384	G	A	541	81	68	34	6	66	0.0591304	575	2.832e-16	TRUE		GCA	A	ACA	T
2016_k111_cons	4724	C	T	191	134	43	6	2	50	0.0304569	197	0.00850352	TRUE		ACA	T	ATA	I
2016_k111_cons	4791	G	+T	483	175	59	28	0	20	0.0370861	755	1.47887e-06	TRUE	NA	NA	NA	NA	NA
2016_k111_cons	5138	C	A	3049	383	64	256	29	64	0.0774584	3305	4.29135e-115	TRUE		ACC	T	AAC	N
2016_k111_cons	5195	G	A	4147	404	70	263	23	70	0.0596237	4411	4.10145e-123	TRUE		AGC	S	AAC	N
2016_k111_cons	5331	C	T	478	267	48	22	11	50	0.044	500	4.02387e-09	TRUE		TCC	S	TCT	S
2016_k111_cons	5856	G	A	9979	4812	38	707	366	36	0.0661613	10686	9.02632e-201	TRUE		GGG	G	GGA	G
2016_k111_cons	6057	C	A	3831	357	70	151	5	70	0.0379111	3983	2.32986e-70	TRUE		TCC	S	TCA	S
2016_k111_cons	7153	A	G	715	167	62	38	10	61	0.0503979	754	2.49439e-17	TRUE		CAC	H	CGC	R
2016_k111_cons	7153	A	G	715	167	62	38	10	61	0.0503979	754	2.49439e-17	TRUE		CAC	H	CGC	R
