REGION	POS	REF	ALT	REF_DP	REF_RV	REF_QUAL	ALT_DP	ALT_RV	ALT_QUAL	ALT_FREQ	TOTAL_DP	PVAL	PASS	GFF_FEATURE	REF_CODON	REF_AA	ALT_CODON	ALT_AA
cons_GI.2_outbreak2013k4	115	G	A	0	0	0	21	11	35	1	21	1.85785e-12	TRUE		GAA	E	AAA	K
cons_GI.2_outbreak2013k4	4304	T	G	1	0	33	1	1	32	0.5	2	0.666667	FALSE		ATG	M	AGG	R
cons_GI.2_outbreak2013k4	4714	G	T	9	1	64	1	0	76	0.1	10	0.37037	FALSE		GCC	A	TCC	S
cons_GI.2_outbreak2013k4	5184	A	-ACC	653	286	38	573	0	20	0.847633	676	4.12751e-126	TRUE	NA	NA	NA	NA	NA
cons_GI.2_outbreak2013k4	5845	C	T	634	216	52	41	11	51	0.0607407	675	1.03949e-16	TRUE		CAA	Q	TAA	*
cons_GI.2_outbreak2013k4	5896	G	A	4405	1514	49	386	137	48	0.0805509	4792	1.4651e-147	TRUE		GGC	G	AGC	S
cons_GI.2_outbreak2013k4	6111	A	G	524	169	52	47	14	52	0.0823117	571	1.59351e-19	TRUE		GCA	A	GCG	A
cons_GI.2_outbreak2013k4	6204	C	A	1884	262	67	82	17	65	0.0417091	1966	5.66831e-38	TRUE		CAC	H	CAA	Q
cons_GI.2_outbreak2013k4	6375	G	A	815	411	45	85	43	41	0.0944444	900	3.21615e-32	TRUE		GTG	V	GTA	V
cons_GI.2_outbreak2013k4	6420	C	-AA	1563	584	56	91	0	20	0.0379325	2399	6.97552e-18	TRUE	NA	NA	NA	NA	NA
