REGION	POS	REF	ALT	REF_DP	REF_RV	REF_QUAL	ALT_DP	ALT_RV	ALT_QUAL	ALT_FREQ	TOTAL_DP	PVAL	PASS	GFF_FEATURE	REF_CODON	REF_AA	ALT_CODON	ALT_AA
cons_GI.2_outbreak2013k4	1321	C	+T	2365	1053	38	80	0	20	0.0329354	2429	1.42048e-08	TRUE	NA	NA	NA	NA	NA
cons_GI.2_outbreak2013k4	3816	G	A	2712	395	67	173	2	66	0.0597582	2895	5.85847e-80	TRUE		AAG	K	AAA	K
cons_GI.2_outbreak2013k4	4962	C	T	7131	1757	64	487	106	65	0.0639275	7618	1.02551e-216	TRUE		GCC	A	GCT	A
cons_GI.2_outbreak2013k4	5302	C	A	6031	1159	67	293	68	66	0.0463241	6325	4.47342e-133	TRUE		CTG	L	ATG	M
