REGION	POS	REF	ALT	REF_DP	REF_RV	REF_QUAL	ALT_DP	ALT_RV	ALT_QUAL	ALT_FREQ	TOTAL_DP	PVAL	PASS	GFF_FEATURE	REF_CODON	REF_AA	ALT_CODON	ALT_AA
cons_GI.2_outbreak2013k4	4731	C	T	0	0	0	1	0	73	1	1	0.5	FALSE		TTC	F	TTT	F
cons_GI.2_outbreak2013k4	4771	A	G	32	0	76	1	0	77	0.030303	33	0.340206	FALSE		AAG	K	GAG	E
cons_GI.2_outbreak2013k4	5209	G	A	1	1	38	106	43	42	0.990654	107	2.38099e-66	TRUE		GGC	G	AGC	S
cons_GI.2_outbreak2013k4	6099	A	G	521	201	50	95	35	50	0.154221	616	2.31777e-39	TRUE		TTA	L	TTG	L
cons_GI.2_outbreak2013k4	6461	A	T	36711	17122	39	1284	593	39	0.0337877	38002	0	TRUE		TAC	Y	TTC	F
cons_GI.2_outbreak2013k4	6992	G	A	7770	3349	41	266	110	40	0.0330969	8037	3.84345e-88	TRUE		ATG	M	ATA	I
cons_GI.2_outbreak2013k4	6992	G	A	7770	3349	41	266	110	40	0.0330969	8037	3.84345e-88	TRUE		TGG	W	TAG	*
cons_GI.2_outbreak2013k4	7187	A	T	3145	1842	45	122	51	48	0.0373317	3268	9.56536e-44	TRUE		GCA	A	GCT	A
cons_GI.2_outbreak2013k4	7187	A	T	3145	1842	45	122	51	48	0.0373317	3268	9.56536e-44	TRUE		CAG	Q	CTG	L
