REGION	POS	REF	ALT	REF_DP	REF_RV	REF_QUAL	ALT_DP	ALT_RV	ALT_QUAL	ALT_FREQ	TOTAL_DP	PVAL	PASS	GFF_FEATURE	REF_CODON	REF_AA	ALT_CODON	ALT_AA
cons_GI.2_outbreak2013k4	208	C	T	84	33	38	4	2	37	0.0454545	88	0.0617671	FALSE		CTT	L	TTT	F
cons_GI.2_outbreak2013k4	275	G	T	29	7	36	1	0	27	0.0333333	30	0.491803	FALSE		GGG	G	GTG	V
cons_GI.2_outbreak2013k4	280	G	T	27	6	36	1	0	24	0.0357143	28	0.491228	FALSE		GAC	D	TAC	Y
cons_GI.2_outbreak2013k4	284	T	C	28	5	37	1	0	37	0.0344828	29	0.508772	FALSE		TTG	L	TCG	S
cons_GI.2_outbreak2013k4	1321	C	+T	847	389	38	36	0	20	0.0417149	863	1.43781e-05	TRUE	NA	NA	NA	NA	NA
cons_GI.2_outbreak2013k4	1323	T	C	795	365	38	64	27	37	0.0745052	859	1.32578e-20	TRUE		CTT	L	CTC	L
cons_GI.2_outbreak2013k4	1498	T	C	14	2	37	1	0	38	0.0666667	15	0.5	FALSE		TCC	S	CCC	P
cons_GI.2_outbreak2013k4	2229	A	G	2233	1037	38	355	162	37	0.137119	2589	1.52255e-109	TRUE		GCA	A	GCG	A
cons_GI.2_outbreak2013k4	3791	C	T	800	119	67	59	16	59	0.0686845	859	2.23717e-27	TRUE		ACT	T	ATT	I
cons_GI.2_outbreak2013k4	3816	G	A	1322	150	69	103	2	67	0.072028	1430	2.00997e-48	TRUE		AAG	K	AAA	K
cons_GI.2_outbreak2013k4	4380	C	T	1868	757	38	1441	616	37	0.435479	3309	0	TRUE		GTC	V	GTT	V
cons_GI.2_outbreak2013k4	7256	G	A	1319	366	61	1103	290	62	0.455221	2423	0	TRUE		AAG	K	AAA	K
cons_GI.2_outbreak2013k4	7256	G	A	1319	366	61	1103	290	62	0.455221	2423	0	TRUE		AGA	R	AAA	K
