REGION	POS	REF	ALT	REF_DP	REF_RV	REF_QUAL	ALT_DP	ALT_RV	ALT_QUAL	ALT_FREQ	TOTAL_DP	PVAL	PASS	GFF_FEATURE	REF_CODON	REF_AA	ALT_CODON	ALT_AA
cons_2015k4	30	T	C	3551	1642	37	121	57	37	0.0329521	3672	1.94684e-33	TRUE		GTT	V	GTC	V
cons_2015k4	258	A	-T	148	23	36	5	0	20	0.0324675	154	0.107062	FALSE	NA	NA	NA	NA	NA
cons_2015k4	3060	A	T	119	41	52	3053	1091	51	0.962484	3172	0	TRUE		ACA	T	ACT	T
cons_2015k4	7154	C	T	1635	383	63	470	149	61	0.223172	2106	1.65496e-219	TRUE		CAC	H	CAT	H
cons_2015k4	7154	C	T	1635	383	63	470	149	61	0.223172	2106	1.65496e-219	TRUE		CAC	H	CAT	H
