REGION	POS	REF	ALT	REF_DP	REF_RV	REF_QUAL	ALT_DP	ALT_RV	ALT_QUAL	ALT_FREQ	TOTAL_DP	PVAL	PASS	GFF_FEATURE	REF_CODON	REF_AA	ALT_CODON	ALT_AA
cons_2015k4	565	A	T	17	3	36	1	0	37	0.0555556	18	0.514286	FALSE		ATG	M	TTG	L
cons_2015k4	1581	C	T	1579	548	53	913	333	51	0.366225	2493	0	TRUE		GAC	D	GAT	D
cons_2015k4	4275	C	T	352	127	59	43	13	61	0.108861	395	4.7945e-19	TRUE		ATC	I	ATT	I
cons_2015k4	4329	T	C	682	153	64	43	2	68	0.0593103	725	7.51771e-20	TRUE		GTT	V	GTC	V
cons_2015k4	6057	G	A	3020	386	70	135	1	69	0.0427757	3156	1.04804e-62	TRUE		TCG	S	TCA	S
cons_2015k4	7154	C	T	2278	623	62	560	159	63	0.197322	2838	4.00086e-257	TRUE		CAC	H	CAT	H
cons_2015k4	7154	C	T	2278	623	62	560	159	63	0.197322	2838	4.00086e-257	TRUE		CAC	H	CAT	H
