REGION	POS	REF	ALT	REF_DP	REF_RV	REF_QUAL	ALT_DP	ALT_RV	ALT_QUAL	ALT_FREQ	TOTAL_DP	PVAL	PASS	GFF_FEATURE	REF_CODON	REF_AA	ALT_CODON	ALT_AA
cons_2015k4	556	T	C	51	16	36	2	1	36	0.0377358	53	0.247619	FALSE		TTT	F	CTT	L
cons_2015k4	560	A	T	38	17	34	2	1	34	0.05	40	0.246835	FALSE		TAC	Y	TTC	F
cons_2015k4	1925	C	A	48	20	36	3	1	32	0.0588235	51	0.117754	FALSE		CCC	P	CAC	H
cons_2015k4	1931	T	G	27	13	34	1	1	34	0.0357143	28	0.491228	FALSE		GTT	V	GGT	G
cons_2015k4	2409	C	T	10593	4283	43	736	302	43	0.064966	11329	9.0764e-249	TRUE		GAC	D	GAT	D
cons_2015k4	4329	T	C	599	124	65	30	0	67	0.0476948	629	4.82736e-14	TRUE		GTT	V	GTC	V
cons_2015k4	6057	G	A	2531	340	69	101	4	69	0.0383739	2632	9.27064e-47	TRUE		TCG	S	TCA	S
cons_2015k4	6128	A	-T	19	9	37	1	0	20	0.04	25	0.454545	FALSE	NA	NA	NA	NA	NA
cons_2015k4	6130	T	C	22	13	33	1	0	66	0.0434783	23	0.45098	FALSE		TTC	F	CTC	L
cons_2015k4	7154	C	T	2134	518	63	400	120	61	0.157853	2534	6.91377e-182	TRUE		CAC	H	CAT	H
cons_2015k4	7154	C	T	2134	518	63	400	120	61	0.157853	2534	6.91377e-182	TRUE		CAC	H	CAT	H
