REGION	POS	REF	ALT	REF_DP	REF_RV	REF_QUAL	ALT_DP	ALT_RV	ALT_QUAL	ALT_FREQ	TOTAL_DP	PVAL	PASS	GFF_FEATURE	REF_CODON	REF_AA	ALT_CODON	ALT_AA
cons_2015k4	108	C	A	3321	1514	38	296	141	38	0.0818358	3617	2.15647e-87	TRUE		AAC	N	AAA	K
cons_2015k4	1924	C	T	65	37	36	3	3	37	0.0441176	68	0.119546	FALSE		CCC	P	TCC	S
cons_2015k4	3060	A	T	4609	1640	50	2086	696	51	0.311529	6696	0	TRUE		ACA	T	ACT	T
cons_2015k4	3750	A	T	7688	2223	58	482	161	53	0.0589819	8172	4.78173e-200	TRUE		GCA	A	GCT	A
cons_2015k4	6057	G	A	3487	426	70	150	7	70	0.0412201	3639	1.42429e-69	TRUE		TCG	S	TCA	S
cons_2015k4	7154	C	T	3012	784	62	398	107	63	0.116681	3411	2.68702e-178	TRUE		CAC	H	CAT	H
cons_2015k4	7154	C	T	3012	784	62	398	107	63	0.116681	3411	2.68702e-178	TRUE		CAC	H	CAT	H
