REGION	POS	REF	ALT	REF_DP	REF_RV	REF_QUAL	ALT_DP	ALT_RV	ALT_QUAL	ALT_FREQ	TOTAL_DP	PVAL	PASS	GFF_FEATURE	REF_CODON	REF_AA	ALT_CODON	ALT_AA
cons_2015k4	681	G	-T	21	20	37	1	0	20	0.047619	21	0.52381	FALSE	NA	NA	NA	NA	NA
cons_2015k4	3132	C	T	113	31	53	9626	2997	52	0.988397	9739	0	TRUE		ACC	T	ACT	T
cons_2015k4	4329	T	C	689	155	64	83	4	67	0.107513	772	2.10659e-38	TRUE		GTT	V	GTC	V
cons_2015k4	6057	G	A	2570	327	69	141	4	69	0.0519912	2712	2.15143e-65	TRUE		TCG	S	TCA	S
cons_2015k4	7025	T	C	2	2	35	1	0	34	0.333333	3	0.6	FALSE		CTT	L	CTC	L
cons_2015k4	7025	T	C	2	2	35	1	0	34	0.333333	3	0.6	FALSE		CTT	L	CTC	L
cons_2015k4	7035	G	A	31	12	36	1	0	34	0.03125	32	0.5	FALSE		GGT	G	AGT	S
cons_2015k4	7035	G	A	31	12	36	1	0	34	0.03125	32	0.5	FALSE		GGT	G	AGT	S
cons_2015k4	7154	C	T	1838	458	62	364	112	61	0.165304	2202	3.96101e-165	TRUE		CAC	H	CAT	H
cons_2015k4	7154	C	T	1838	458	62	364	112	61	0.165304	2202	3.96101e-165	TRUE		CAC	H	CAT	H
