REGION	POS	REF	ALT	REF_DP	REF_RV	REF_QUAL	ALT_DP	ALT_RV	ALT_QUAL	ALT_FREQ	TOTAL_DP	PVAL	PASS	GFF_FEATURE	REF_CODON	REF_AA	ALT_CODON	ALT_AA
2016_k111_cons	263	T	-C	61	7	36	2	0	20	0.0322581	62	0.256098	FALSE	NA	NA	NA	NA	NA
2016_k111_cons	558	T	C	36	11	51	2	1	57	0.0526316	38	0.175531	FALSE		TTT	F	TTC	F
2016_k111_cons	652	A	-C	37	9	64	2	0	20	0.0307692	65	0.141062	FALSE	NA	NA	NA	NA	NA
2016_k111_cons	5856	G	A	2466	1148	38	213	104	37	0.0795073	2679	3.51847e-63	TRUE		GGG	G	GGA	G
2016_k111_cons	6051	A	T	863	114	68	34	10	62	0.0379041	897	3.37401e-16	TRUE		GCA	A	GCT	A
2016_k111_cons	6057	C	A	977	118	69	83	9	68	0.0783019	1060	3.46962e-39	TRUE		TCC	S	TCA	S
