REGION	POS	REF	ALT	REF_DP	REF_RV	REF_QUAL	ALT_DP	ALT_RV	ALT_QUAL	ALT_FREQ	TOTAL_DP	PVAL	PASS	GFF_FEATURE	REF_CODON	REF_AA	ALT_CODON	ALT_AA
cons_GI.2_outbreak2013k4	972	C	T	2149	2042	37	303	292	34	0.123573	2452	6.9624e-96	TRUE		GGC	G	GGT	G
cons_GI.2_outbreak2013k4	3543	G	A	9920	7694	42	856	840	25	0.0794284	10777	2.45103e-166	TRUE		GTG	V	GTA	V
cons_GI.2_outbreak2013k4	4962	C	T	17756	14999	41	1179	981	40	0.0622459	18941	0	TRUE		GCC	A	GCT	A
cons_GI.2_outbreak2013k4	5175	C	T	11306	2005	39	1046	21	38	0.0846552	12356	7.04098e-315	TRUE		TCC	S	TCT	S
cons_GI.2_outbreak2013k4	5302	C	A	10798	9743	39	595	466	39	0.0522067	11397	7.51012e-169	TRUE		CTG	L	ATG	M
cons_GI.2_outbreak2013k4	6220	A	G	7377	5476	39	1509	1485	37	0.169799	8887	0	TRUE		ATC	I	GTC	V
