REGION	POS	REF	ALT	REF_DP	REF_RV	REF_QUAL	ALT_DP	ALT_RV	ALT_QUAL	ALT_FREQ	TOTAL_DP	PVAL	PASS	GFF_FEATURE	REF_CODON	REF_AA	ALT_CODON	ALT_AA
cons_GI.2_outbreak2013k4	972	C	T	1022	984	37	142	139	34	0.121993	1164	6.78742e-45	TRUE		GGC	G	GGT	G
cons_GI.2_outbreak2013k4	2997	A	G	1425	1121	37	60	58	36	0.040404	1485	8.7001e-18	TRUE		GTA	V	GTG	V
cons_GI.2_outbreak2013k4	3543	G	A	4693	3717	43	474	471	24	0.091736	5167	1.72133e-99	TRUE		GTG	V	GTA	V
cons_GI.2_outbreak2013k4	5175	C	T	4902	874	39	483	3	38	0.0896769	5386	6.30634e-147	TRUE		TCC	S	TCT	S
cons_GI.2_outbreak2013k4	6220	A	G	3594	2862	39	730	729	37	0.168825	4324	5.38495e-238	TRUE		ATC	I	GTC	V
