REGION	POS	REF	ALT	REF_DP	REF_RV	REF_QUAL	ALT_DP	ALT_RV	ALT_QUAL	ALT_FREQ	TOTAL_DP	PVAL	PASS	GFF_FEATURE	REF_CODON	REF_AA	ALT_CODON	ALT_AA
cons_GI.2_outbreak2013k4	224	G	C	159	117	39	6	5	37	0.0359281	167	0.0133794	FALSE		AGC	S	ACC	T
cons_GI.2_outbreak2013k4	972	C	T	745	707	37	132	124	34	0.150342	878	2.02525e-44	TRUE		GGC	G	GGT	G
cons_GI.2_outbreak2013k4	1321	C	+T	813	43	38	32	0	20	0.03708	863	5.97466e-05	TRUE	NA	NA	NA	NA	NA
cons_GI.2_outbreak2013k4	1323	T	C	753	40	38	56	9	38	0.0692213	809	7.45649e-19	TRUE		CTT	L	CTC	L
cons_GI.2_outbreak2013k4	2229	A	G	1201	0	38	192	0	37	0.137832	1393	4.85278e-60	TRUE		GCA	A	GCG	A
cons_GI.2_outbreak2013k4	2997	A	G	1473	1172	37	51	51	38	0.0334646	1524	4.25089e-15	TRUE		GTA	V	GTG	V
cons_GI.2_outbreak2013k4	3543	G	A	4977	3919	43	425	419	23	0.0786746	5402	3.76364e-83	TRUE		GTG	V	GTA	V
cons_GI.2_outbreak2013k4	3791	C	T	1475	705	38	95	44	38	0.0605096	1570	7.04542e-29	TRUE		ACT	T	ATT	I
cons_GI.2_outbreak2013k4	4380	C	T	1156	0	38	846	0	38	0.422577	2002	7.02787e-304	TRUE		GTC	V	GTT	V
cons_GI.2_outbreak2013k4	5175	C	T	5503	971	39	569	2	38	0.0936626	6075	7.93219e-174	TRUE		TCC	S	TCT	S
cons_GI.2_outbreak2013k4	6220	A	G	4833	3898	39	1123	1121	37	0.188549	5956	0	TRUE		ATC	I	GTC	V
cons_GI.2_outbreak2013k4	6279	C	T	678	678	36	107	107	35	0.136306	785	3.36349e-35	TRUE		CCC	P	CCT	P
cons_GI.2_outbreak2013k4	7256	G	A	3371	1428	41	2586	1205	40	0.434038	5958	0	TRUE		AAG	K	AAA	K
cons_GI.2_outbreak2013k4	7256	G	A	3371	1428	41	2586	1205	40	0.434038	5958	0	TRUE		AGA	R	AAA	K
